Uniform Calendar k,coef(a),std err(a),z(a),P>|z|(a),95% CI Lower(a),95% CI Upper(a),coef(b),std err(b),z(b),P>|z|(b),95% CI Lower(b),95% CI Upper(b),Wald Test Result
1,-0.0012961334712643059,0.0011790367254923195,-1.0993156050530075,0.27163042800125436,-0.00360700298967929,0.0010147360471506784,1.3173556749972706,0.24904912250801572,5.2895415239010575,1.226233422921851e-07,0.829228364500256,1.805482985494285,0.43720833620363597
