ln(St) - ln(St-k),"ln(Ft,t-k) - ln(St-k)"
-0.131465516457971,-0.034625783203470206
-0.2650098346830019,0.00810927075230694
-0.3656874446472371,0.05087303802498777
0.14242034004176896,0.005524072776855515
0.4359226439097639,0.039818482143014755
0.10848969018876087,-0.03722850723921134
